{"cameraMode":{"drawMode":0,"name":"Shaded","section":"Shading Mode"},"sceneLighting":false,"audioPlay":false,"sceneViewState":{"showFog":true,"showMaterialUpdate":false,"showSkybox":false,"showFlares":true,"showImageEffects":true,"showParticleSystems":true},"in2DMode":false,"pivot":{"x":0.025471985340118409,"y":1.7359724044799805,"z":-0.07670582830905914},"rotation":{"x":-0.026426758617162706,"y":-0.904967725276947,"z":0.42086780071258547,"w":-0.05682390183210373},"size":1.8394242525100709,"orthographic":false}