{"cameraMode":{"drawMode":0,"name":"Shaded","section":"Shading Mode"},"sceneLighting":true,"audioPlay":false,"sceneViewState":{"showFog":true,"showMaterialUpdate":false,"showSkybox":true,"showFlares":true,"showImageEffects":true,"showParticleSystems":true},"in2DMode":false,"pivot":{"x":-5.443914413452148,"y":-13.291481018066407,"z":32.655086517333987},"rotation":{"x":-0.36344069242477419,"y":-0.039657894521951678,"z":0.015486759133636952,"w":-0.9306472539901733},"size":25.15749168395996,"orthographic":false}